"keyText","category","Faucet","Sink","sort.value"
"Skill","NPC Market",0,-13953692766668.2,-13953692766668.2
"Brokers Fee","",0,-10855595344666,-10855595344666
"Transaction Tax","",0,-10633160391779,-10633160391779
"Blueprint","NPC Market",0,-7043248349315.17,-7043248349315.17
"LP Store","",0,-6644867370000,-6644867370000
"Manufacturing","",0,-2543961137131,-2543961137131
"Infrastructure Hub maintenance","",0,-8.91912e+11,-8.91912e+11
"Researching Material Productivity","",0,-734343141193,-734343141193
"Contract Brokers Fee","",0,-428673092819,-428673092819
"Researching Time Productivity","",0,-367739332078,-367739332078
"Office Rental Fee","",0,-341632932012,-341632932012
"Asset Safety recovery Tax","",0,-331246275939,-331246275939
"Contract Sales Tax","",0,-303209051144,-303209051144
"War Fee","",0,-302958650464,-302958650464
"Bounty","",0,-208814205612,-208814205612
"Planetary Export Tax","",0,-156890493199,-156890493199
"Copying","",0,-110833793815,-110833793815
"Jump Clone Activation Fee","",0,-72783900000,-72783900000
"Bounty Surcharge","",0,-54711946658,-54711946658
"Security Processing Fee","",0,-5.3709e+10,-5.3709e+10
"Contract Brokers Fee (corp)","",0,-52887954533,-52887954533
"Industry Job Tax","",0,-50713204491,-50713204491
"Planetary Import Tax","",0,-44037284574,-44037284574
"Reprocessing Tax","",0,-40449441526,-40449441526
"Reaction","NPC Market",0,-33282900000,-33282900000
"Jump Clone Installation Fee","",0,-29395800000,-29395800000
"Alliance Maintainance Fee","",0,-2.5962e+10,-2.5962e+10
"Deployable","NPC Market",0,-1.375e+10,-1.375e+10
"Planetary Interaction","NPC Market",0,-9031354023.77,-9031354023.77
"Repair Bill","",7909588,-79980958622,7909588
"Planetary Construction","",19410000,-437648900000,19410000
"Corporation Registration Fee","",27188601000,-33187851000,27188601000
"Other","",42487071732,-79747787905,42487071732
"Alliance Registration Fee","",6.1e+10,-1.29e+11,6.1e+10
"Project Discovery reward","",727711068790,0,727711068790
"Agent Mission Time Bonus Reward","",1118708644701,0,1118708644701
"Agent Mission Reward","",1233719274692,0,1233719274692
"Insurance","",6979057958483,-3715831989337,6979057958483
"Incursions Payout","",8257185854031,0,8257185854031
"Commodity","NPC Market",18014594510650.9,-525981330813.4,18014594510650.9
"Bounty Prizes","",58080633838532,0,58080633838532
