"keyText","category","Faucet","Sink","sort.value"
"Blueprint","NPC Market",0,-25979659369262.3,-25979659369262.3
"Skill","NPC Market",0,-13107994651156,-13107994651156
"Brokers Fee","",0,-11886982632295,-11886982632295
"Transaction Tax","",0,-11539277755192,-11539277755192
"LP Store","",0,-7013735870000,-7013735870000
"Manufacturing","",0,-2880373286900,-2880373286900
"Asset Safety recovery Tax","",0,-1868937140302,-1868937140302
"Infrastructure Hub maintenance","",0,-9.39057e+11,-9.39057e+11
"Researching Material Productivity","",0,-869803596853,-869803596853
"Reaction","NPC Market",0,-569376900000,-569376900000
"Contract Brokers Fee","",0,-456267463309,-456267463309
"Office Rental Fee","",0,-401304815531,-401304815531
"Researching Time Productivity","",0,-387711000415,-387711000415
"Contract Sales Tax","",0,-324064790672,-324064790672
"War Fee","",0,-299985128803,-299985128803
"Bounty","",0,-257748824945,-257748824945
"Planetary Export Tax","",0,-174936033499,-174936033499
"Copying","",0,-131674406863,-131674406863
"Bounty Surcharge","",0,-101971204608,-101971204608
"Jump Clone Activation Fee","",0,-90546371205,-90546371205
"Contract Brokers Fee (corp)","",0,-58786568396,-58786568396
"Industry Job Tax","",0,-58193870276,-58193870276
"Security Processing Fee","",0,-5.6697e+10,-5.6697e+10
"Reprocessing Tax","",0,-54022847746,-54022847746
"Planetary Import Tax","",0,-50916549247,-50916549247
"Jump Clone Installation Fee","",0,-30395700000,-30395700000
"Planetary Interaction","NPC Market",0,-11059790857.46,-11059790857.46
"Deployable","NPC Market",0,-7.775e+09,-7.775e+09
"Repair Bill","",10692777,-87689973036,10692777
"Planetary Construction","",10975000,-492033255000,10975000
"Corporation Registration Fee","",26710260800,-33111060600,26710260800
"Bounty Reimbursement","",44224404320,0,44224404320
"Other","",53373498913,-117203623493,53373498913
"Alliance Registration Fee","",8.6e+10,-1.62e+11,8.6e+10
"Project Discovery reward","",687408764469,0,687408764469
"Agent Mission Time Bonus Reward","",1240105751944,0,1240105751944
"Agent Mission Reward","",1358101898655,0,1358101898655
"Insurance","",7878642521840,-4098185021177,7878642521840
"Incursions Payout","",8951437858582,0,8951437858582
"Commodity","NPC Market",19782733614776.8,-584684457346.6,19782733614776.8
"Bounty Prizes","",61273377302880,0,61273377302880
