"keyText","category","Faucet","Sink","sort.value"
"Brokers Fee","",0,-10163817883718,-10163817883718
"Skill","NPC Market",0,-8467018092776.62,-8467018092776.62
"Transaction Tax","",0,-7506399716311,-7506399716311
"LP Store","",0,-5.697655e+12,-5.697655e+12
"Blueprint","NPC Market",0,-4284484873748.05,-4284484873748.05
"Manufacturing","",0,-1917767992758,-1917767992758
"Infrastructure Hub maintenance","",0,-6.87792e+11,-6.87792e+11
"Researching Material Productivity","",0,-580421123627,-580421123627
"Office Rental Fee","",0,-502250703695,-502250703695
"War Fee","",0,-336832675278,-336832675278
"Researching Time Productivity","",0,-280801078712,-280801078712
"Contract Brokers Fee","",0,-177217157068,-177217157068
"Planetary Export Tax","",0,-156626922494,-156626922494
"Contract Sales Tax","",0,-155875086251,-155875086251
"Industry Job Tax","",0,-115612105989,-115612105989
"Bounty","",0,-112779067666,-112779067666
"Jump Clone Activation Fee","",0,-81601200000,-81601200000
"Reprocessing Tax","",0,-80807246846,-80807246846
"Copying","",0,-80437265958,-80437265958
"Security Processing Fee","",0,-4.8599e+10,-4.8599e+10
"Planetary Import Tax","",0,-42315597746,-42315597746
"Contract Brokers Fee (corp)","",0,-26978453831,-26978453831
"Alliance Maintainance Fee","",0,-2.5916e+10,-2.5916e+10
"Jump Clone Installation Fee","",0,-24164100000,-24164100000
"Planetary Interaction","NPC Market",0,-12277233350.55,-12277233350.55
"Reaction","NPC Market",0,-10921500000,-10921500000
"Deployable","NPC Market",0,-9250010000,-9250010000
"Celestial","NPC Market",0,-3.6e+09,-3.6e+09
"Planetary Construction","",19170000,-470466105000,19170000
"Repair Bill","",21450416,-100877553626,21450416
"Other","",9574238978,-99258470579,9574238978
"Corporation Registration Fee","",21352530600,-27171003200,21352530600
"Sovereignty Structures","NPC Market",24826228017.39,0,24826228017.39
"Bounty Reimbursement","",48053058497,0,48053058497
"Opportunity reward","",51248100000,0,51248100000
"Project Discovery reward","",75846604055,0,75846604055
"Alliance Registration Fee","",9.7e+10,-1.59e+11,9.7e+10
"Agent Mission Time Bonus Reward","",893766155759,0,893766155759
"Agent Mission Reward","",945674444261,0,945674444261
"Insurance","",5528954567786,-2443219817335,5528954567786
"Incursions Payout","",10419818949567,0,10419818949567
"Commodity","NPC Market",14074947834894.5,-486088948202,14074947834894.5
"Bounty Prizes","",39464664912038,0,39464664912038
