"keyText","category","Faucet","Sink","sort.value"
"Skill","NPC Market",0,-13042469279322,-13042469279322
"Brokers Fee","",0,-12215214563575,-12215214563575
"Blueprint","NPC Market",0,-11696307880044.4,-11696307880044.4
"Transaction Tax","",0,-10670948107798,-10670948107798
"LP Store","",0,-8037274610000,-8037274610000
"Manufacturing","",0,-3378852763657,-3378852763657
"Researching Material Productivity","",0,-844651708277,-844651708277
"Infrastructure Hub maintenance","",0,-8.25286e+11,-8.25286e+11
"War Fee","",0,-396838814649,-396838814649
"Researching Time Productivity","",0,-391927475164,-391927475164
"Office Rental Fee","",0,-374360584234,-374360584234
"Contract Brokers Fee","",0,-291155996545,-291155996545
"Contract Sales Tax","",0,-286834689891,-286834689891
"Bounty","",0,-246649809391,-246649809391
"Asset Safety recovery Tax","",0,-194757125107,-194757125107
"Planetary Export Tax","",0,-168589680396,-168589680396
"Copying","",0,-104316727764,-104316727764
"Jump Clone Activation Fee","",0,-83453400000,-83453400000
"Industry Job Tax","",0,-70433170120,-70433170120
"Security Processing Fee","",0,-6.4057e+10,-6.4057e+10
"Reprocessing Tax","",0,-55696408592,-55696408592
"Planetary Import Tax","",0,-43158011871,-43158011871
"Contract Brokers Fee (corp)","",0,-38569958514,-38569958514
"Jump Clone Installation Fee","",0,-31122900000,-31122900000
"Alliance Maintainance Fee","",0,-2.6238e+10,-2.6238e+10
"Deployable","NPC Market",0,-1.8225e+10,-1.8225e+10
"Reaction","NPC Market",0,-13130700000,-13130700000
"Planetary Interaction","NPC Market",0,-11449687445.77,-11449687445.77
"Planetary Construction","",15720000,-618851560000,15720000
"Repair Bill","",20281928,-105942019883,20281928
"Sovereignty Structures","NPC Market",3400015784.73,0,3400015784.73
"Corporation Registration Fee","",29068366000,-36203474000,29068366000
"Other","",36012902102,-105375529079,36012902102
"Alliance Registration Fee","",5.4e+10,-1.24e+11,5.4e+10
"Bounty Reimbursement","",76145551030,0,76145551030
"Project Discovery reward","",167741173190,0,167741173190
"Agent Mission Time Bonus Reward","",1401690373835,0,1401690373835
"Agent Mission Reward","",1483001018597,0,1483001018597
"Insurance","",7465127440583,-4003021926025,7465127440583
"Incursions Payout","",11260512816857,0,11260512816857
"Commodity","NPC Market",24420615618830.5,-564798910048.04,24420615618830.5
"Bounty Prizes","",66650356602907,0,66650356602907
