"keyText","category","Faucet","Sink","sort.value"
"Skill","NPC Market",0,-14549638581437.9,-14549638581437.9
"Transaction Tax","",0,-12651677690448,-12651677690448
"Brokers Fee","",0,-12308162537555,-12308162537555
"Blueprint","NPC Market",0,-10199317190884.3,-10199317190884.3
"LP Store","",0,-7654175515000,-7654175515000
"Manufacturing","",0,-3700248573062,-3700248573062
"Infrastructure Hub maintenance","",0,-959756000000,-959756000000
"Researching Material Productivity","",0,-888264103048,-888264103048
"Asset Safety recovery Tax","",0,-817946436591,-817946436591
"Reactions","",0,-624666989986,-624666989986
"Contract Brokers Fee","",0,-446134271441,-446134271441
"Researching Time Productivity","",0,-404067575107,-404067575107
"Contract Sales Tax","",0,-340181895093,-340181895093
"Office Rental Fee","",0,-338090145618,-338090145618
"War Fee","",0,-330005287881,-330005287881
"Bounty","",0,-200369603345,-200369603345
"Planetary Export Tax","",0,-181219011418,-181219011418
"Copying","",0,-137478987306,-137478987306
"Jump Clone Activation Fee","",0,-74466900000,-74466900000
"Security Processing Fee","",0,-71143000000,-71143000000
"Contract Brokers Fee (corp)","",0,-67188014374,-67188014374
"Industry Job Tax","",0,-61491349900,-61491349900
"Planetary Import Tax","",0,-52251205373,-52251205373
"Reprocessing Tax","",0,-41840118187,-41840118187
"Jump Clone Installation Fee","",0,-35050500000,-35050500000
"Alliance Maintainance Fee","",0,-28038000000,-28038000000
"Deployable","NPC Market",0,-18225000000,-18225000000
"Planetary Interaction","NPC Market",0,-12079731850.27,-12079731850.27
"Planetary Construction","",12645000,-464587370000,12645000
"Repair Bill","",26067558,-89496897926,26067558
"Corporation Registration Fee","",23093113000,-28818797200,23093113000
"Alliance Registration Fee","",47000000000,-113000000000,47000000000
"Other","",48656900522,-121721558370,48656900522
"Project Discovery reward","",548347982672,0,548347982672
"Agent Mission Time Bonus Reward","",1208871985458,0,1208871985458
"Agent Mission Reward","",1379426953143,0,1379426953143
"Insurance","",8827379107544,-4166107833872,8827379107544
"Incursions Payout","",10329728090344,0,10329728090344
"Commodity","NPC Market",20652130027729.2,-576328959037.89,20652130027729.2
"Bounty Prizes","",64674667924210,0,64674667924210
