"keyText","category","Faucet","Sink","sort.value"
"Brokers Fee","",0,-10301488861313,-10301488861313
"Skill","NPC Market",0,-10212004652565.1,-10212004652565.1
"Transaction Tax","",0,-8520183371874,-8520183371874
"LP Store","",0,-6354826540000,-6354826540000
"Blueprint","NPC Market",0,-6071103841895.59,-6071103841895.59
"Manufacturing","",0,-2223497098144,-2223497098144
"Infrastructure Hub maintenance","",0,-7.59626e+11,-7.59626e+11
"Researching Material Productivity","",0,-542518127015,-542518127015
"Office Rental Fee","",0,-377260223584,-377260223584
"War Fee","",0,-292861322807,-292861322807
"Researching Time Productivity","",0,-275441848556,-275441848556
"Asset Safety recovery Tax","",0,-204106645131,-204106645131
"Contract Brokers Fee","",0,-188645978486,-188645978486
"Bounty","",0,-187094264189,-187094264189
"Contract Sales Tax","",0,-179763257260,-179763257260
"Planetary Export Tax","",0,-170967321604,-170967321604
"Industry Job Tax","",0,-110977934000,-110977934000
"Copying","",0,-80732519641,-80732519641
"Jump Clone Activation Fee","",0,-78457500000,-78457500000
"Reprocessing Tax","",0,-63746365325,-63746365325
"Security Processing Fee","",0,-5.6091e+10,-5.6091e+10
"Planetary Import Tax","",0,-45991139787,-45991139787
"Contract Brokers Fee (corp)","",0,-26667315982,-26667315982
"Alliance Maintainance Fee","",0,-2.5984e+10,-2.5984e+10
"Deployable","NPC Market",0,-20780000023.77,-20780000023.77
"Planetary Interaction","NPC Market",0,-11013834826.67,-11013834826.67
"Reaction","NPC Market",0,-8701200000,-8701200000
"Celestial","NPC Market",0,-1.8e+09,-1.8e+09
"Planetary Construction","",23420000,-504455265000,23420000
"Repair Bill","",58057799,-107515558493,58057799
"Sovereignty Structures","NPC Market",10782926248.2,0,10782926248.2
"Other","",11468464736,-121431603324,11468464736
"Corporation Registration Fee","",23638644800,-29447518600,23638644800
"Bounty Reimbursement","",46564814434,0,46564814434
"Opportunity reward","",49009800000,0,49009800000
"Project Discovery reward","",90380734125,0,90380734125
"Alliance Registration Fee","",5.2e+11,-6.01e+11,5.2e+11
"Agent Mission Time Bonus Reward","",994804955044,0,994804955044
"Agent Mission Reward","",1058630628056,0,1058630628056
"Insurance","",5400096903721,-2486043727816,5400096903721
"Incursions Payout","",9790437712773,0,9790437712773
"Commodity","NPC Market",16512193146933.6,-578158264254.54,16512193146933.6
"Bounty Prizes","",51690510714215,0,51690510714215
