"keyText","category","Faucet","Sink","sort.value"
"Skill","NPC Market",0,-13622362614797.1,-13622362614797.1
"Transaction Tax","",0,-12853041236337,-12853041236337
"Brokers Fee","",0,-12330747592940,-12330747592940
"Blueprint","NPC Market",0,-10909818809474.6,-10909818809474.6
"LP Store","",0,-7373635385000,-7373635385000
"Manufacturing","",0,-3329859331592,-3329859331592
"Infrastructure Hub maintenance","",0,-971656000000,-971656000000
"Researching Material Productivity","",0,-825651282354,-825651282354
"Reactions","",0,-699240845998,-699240845998
"Asset Safety recovery Tax","",0,-550514343963,-550514343963
"Contract Brokers Fee","",0,-426759113692,-426759113692
"Researching Time Productivity","",0,-414366820238,-414366820238
"War Fee","",0,-403889859617,-403889859617
"Office Rental Fee","",0,-342875828014,-342875828014
"Contract Sales Tax","",0,-315068055295,-315068055295
"Bounty","",0,-250953656339,-250953656339
"Planetary Export Tax","",0,-141375473134,-141375473134
"Copying","",0,-129554458994,-129554458994
"Jump Clone Activation Fee","",0,-71192700000,-71192700000
"Contract Brokers Fee (corp)","",0,-59410349418,-59410349418
"Security Processing Fee","",0,-57836000000,-57836000000
"Industry Job Tax","",0,-57448278676,-57448278676
"Agent Mission Collateral Paid","",0,-48021431336,-48021431336
"Reprocessing Tax","",0,-43660223179,-43660223179
"Planetary Import Tax","",0,-37994935446,-37994935446
"Deployable","NPC Market",0,-12475000000,-12475000000
"Planetary Interaction","NPC Market",0,-7832418172.52,-7832418172.52
"Planetary Construction","",12195000,-401066205000,12195000
"Repair Bill","",15548600,-98410151127,15548600
"Corporation Registration Fee","",25991950600,-32179977000,25991950600
"Other","",35385589024,-153736412791,35385589024
"Agent Mission Collateral Refunded","",47869380584,0,47869380584
"Alliance Registration Fee","",74000000000,-133000000000,74000000000
"Project Discovery reward","",435094620418,0,435094620418
"Agent Mission Time Bonus Reward","",1287996659944,0,1287996659944
"Agent Mission Reward","",1418289652884,0,1418289652884
"Insurance","",7538179313726,-4104313407870,7538179313726
"Incursions Payout","",8323348230197,0,8323348230197
"Commodity","NPC Market",18994567895577.9,-576210217736.38,18994567895577.9
"Bounty Prizes","",65926740035113,0,65926740035113
