"keyText","category","Faucet","Sink","sort.value"
"Brokers Fee","",0,-11439994267394,-11439994267394
"Skill","NPC Market",0,-11364012903109.4,-11364012903109.4
"Transaction Tax","",0,-11101942570844,-11101942570844
"LP Store","",0,-6692053665000,-6692053665000
"Blueprint","NPC Market",0,-5847249719073.07,-5847249719073.07
"Manufacturing","",0,-2373477030541,-2373477030541
"Infrastructure Hub maintenance","",0,-9.01817e+11,-9.01817e+11
"Researching Material Productivity","",0,-725878677548,-725878677548
"Asset Safety recovery Tax","",0,-386791065838,-386791065838
"Researching Time Productivity","",0,-364182682214,-364182682214
"Contract Brokers Fee","",0,-363277348296,-363277348296
"War Fee","",0,-329094357000,-329094357000
"Office Rental Fee","",0,-304998906455,-304998906455
"Contract Sales Tax","",0,-282091824802,-282091824802
"Bounty","",0,-252581623882,-252581623882
"Planetary Export Tax","",0,-139477820547,-139477820547
"Copying","",0,-110151209890,-110151209890
"Jump Clone Activation Fee","",0,-77696100000,-77696100000
"Security Processing Fee","",0,-6.3605e+10,-6.3605e+10
"Industry Job Tax","",0,-55944866810,-55944866810
"Contract Brokers Fee (corp)","",0,-52179986560,-52179986560
"Reprocessing Tax","",0,-38347877522,-38347877522
"Planetary Import Tax","",0,-37778064045,-37778064045
"Jump Clone Installation Fee","",0,-31896900000,-31896900000
"Alliance Maintainance Fee","",0,-2.6866e+10,-2.6866e+10
"Bounty Surcharge","",0,-18677485264,-18677485264
"Reaction","NPC Market",0,-11509200000,-11509200000
"Planetary Interaction","NPC Market",0,-9575150478.83,-9575150478.83
"Deployable","NPC Market",0,-6.55e+09,-6.55e+09
"Planetary Construction","",6525000,-384473380000,6525000
"Repair Bill","",27897751,-84095575534,27897751
"Corporation Registration Fee","",22749156000,-28265266400,22749156000
"Other","",48936340971,-80814945861,48936340971
"Alliance Registration Fee","",1.12e+11,-1.83e+11,1.12e+11
"Project Discovery reward","",1039888201288,0,1039888201288
"Agent Mission Time Bonus Reward","",1111560460992,0,1111560460992
"Agent Mission Reward","",1221361809532,0,1221361809532
"Insurance","",6666111428978,-4126909695580,6666111428978
"Incursions Payout","",8151356527005,0,8151356527005
"Commodity","NPC Market",16324705191042.9,-527154580816.16,16324705191042.9
"Bounty Prizes","",51389120316995,0,51389120316995
