"keyText","category","Faucet","Sink","sort.value"
"Brokers Fee","",0,-9494295791964,-9494295791964
"Skill","NPC Market",0,-8502258236846.88,-8502258236846.88
"Transaction Tax","",0,-7712902504111,-7712902504111
"LP Store","",0,-5952429090000,-5952429090000
"Blueprint","NPC Market",0,-4162853660872.19,-4162853660872.19
"Manufacturing","",0,-1948909642922,-1948909642922
"Infrastructure Hub maintenance","",0,-6.5968e+11,-6.5968e+11
"Researching Material Productivity","",0,-565120936953,-565120936953
"Office Rental Fee","",0,-436275290667,-436275290667
"War Fee","",0,-289746299565,-289746299565
"Researching Time Productivity","",0,-249190237187,-249190237187
"Contract Brokers Fee","",0,-175365508144,-175365508144
"Contract Sales Tax","",0,-157937282424,-157937282424
"Planetary Export Tax","",0,-156724369246,-156724369246
"Bounty","",0,-138810180591,-138810180591
"Industry Job Tax","",0,-106265167245,-106265167245
"Copying","",0,-81604083386,-81604083386
"Jump Clone Activation Fee","",0,-76439700000,-76439700000
"Asset Safety recovery Tax","",0,-60139832896,-60139832896
"Reprocessing Tax","",0,-58151292841,-58151292841
"Security Processing Fee","",0,-5.48e+10,-5.48e+10
"Planetary Import Tax","",0,-41315901313,-41315901313
"Alliance Maintainance Fee","",0,-2.487e+10,-2.487e+10
"Jump Clone Installation Fee","",0,-2.3121e+10,-2.3121e+10
"Deployable","NPC Market",0,-15100000012.28,-15100000012.28
"Planetary Interaction","NPC Market",0,-11230670466.91,-11230670466.91
"Celestial","NPC Market",0,-9.9e+09,-9.9e+09
"Reaction","NPC Market",0,-7.893e+09,-7.893e+09
"Repair Bill","",15962240,-101536928949,15962240
"Planetary Construction","",18540000,-479708050000,18540000
"Other","",9967533021,-115543810759,9967533021
"Sovereignty Structures","NPC Market",13580934634.48,0,13580934634.48
"Corporation Registration Fee","",22443594200,-28569228400,22443594200
"Opportunity reward","",51978450000,0,51978450000
"Alliance Registration Fee","",8.2e+10,-1.58e+11,8.2e+10
"Project Discovery reward","",91013535495,0,91013535495
"Bounty Reimbursement","",98397289510,0,98397289510
"Agent Mission Time Bonus Reward","",922230722072,0,922230722072
"Agent Mission Reward","",972915993283,0,972915993283
"Insurance","",5117593757257,-2365881115963,5117593757257
"Incursions Payout","",9326195290401,0,9326195290401
"Commodity","NPC Market",14080654581383.9,-524936159207.82,14080654581383.9
"Bounty Prizes","",44089889313846,0,44089889313846
