"keyText","category","Faucet","Sink","sort.value"
"Skill","NPC Market",0,-11121060198701.1,-11121060198701.1
"Brokers Fee","",0,-10871197300167,-10871197300167
"Transaction Tax","",0,-10493188929617,-10493188929617
"Blueprint","NPC Market",0,-7893038475665.16,-7893038475665.16
"LP Store","",0,-6692170185000,-6692170185000
"Manufacturing","",0,-2826444051058,-2826444051058
"Infrastructure Hub maintenance","",0,-9.33926e+11,-9.33926e+11
"Researching Material Productivity","",0,-779687371692,-779687371692
"Contract Brokers Fee","",0,-371144102799,-371144102799
"Researching Time Productivity","",0,-352178603788,-352178603788
"War Fee","",0,-310091776035,-310091776035
"Bounty","",0,-289866212142,-289866212142
"Office Rental Fee","",0,-287120071609,-287120071609
"Contract Sales Tax","",0,-268540930506,-268540930506
"Asset Safety recovery Tax","",0,-171132336733,-171132336733
"Planetary Export Tax","",0,-146111529639,-146111529639
"Copying","",0,-114488550590,-114488550590
"Jump Clone Activation Fee","",0,-68027400000,-68027400000
"Security Processing Fee","",0,-5.4266e+10,-5.4266e+10
"Industry Job Tax","",0,-48963428794,-48963428794
"Contract Brokers Fee (corp)","",0,-48482293648,-48482293648
"Reprocessing Tax","",0,-41500323967,-41500323967
"Planetary Import Tax","",0,-38900556272,-38900556272
"Jump Clone Installation Fee","",0,-26999100000,-26999100000
"Alliance Maintainance Fee","",0,-2.6886e+10,-2.6886e+10
"Bounty Surcharge","",0,-17888259214,-17888259214
"Deployable","NPC Market",0,-1.1375e+10,-1.1375e+10
"Reaction","NPC Market",0,-10021500000,-10021500000
"Planetary Interaction","NPC Market",0,-8362434772.28,-8362434772.28
"Planetary Construction","",10395000,-411427855000,10395000
"Repair Bill","",120228146,-81507064156,120228146
"Corporation Registration Fee","",21894862800,-27327783600,21894862800
"Other","",32771622404,-67882426747,32771622404
"Alliance Registration Fee","",7.7e+10,-1.42e+11,7.7e+10
"Agent Mission Time Bonus Reward","",1127066165799,0,1127066165799
"Project Discovery reward","",1139351298893,0,1139351298893
"Agent Mission Reward","",1214389418540,0,1214389418540
"Insurance","",5946793824284,-3092982678493,5946793824284
"Incursions Payout","",7989789970755,0,7989789970755
"Commodity","NPC Market",17465166194476.8,-574387564140.42,17465166194476.8
"Bounty Prizes","",59338122764001,0,59338122764001
