"keyText","category","Faucet","Sink","sort.value"
"Skill","NPC Market",0,-12774044741368,-12774044741368
"Brokers Fee","",0,-11852432177063,-11852432177063
"Transaction Tax","",0,-11695088098592,-11695088098592
"Blueprint","NPC Market",0,-9073375367595.56,-9073375367595.56
"LP Store","",0,-6877657950000,-6877657950000
"Manufacturing","",0,-3120808664935,-3120808664935
"Researching Material Productivity","",0,-898848439591,-898848439591
"Infrastructure Hub maintenance","",0,-879508000000,-879508000000
"Asset Safety recovery Tax","",0,-568759420381,-568759420381
"Reactions","",0,-552032430170,-552032430170
"Researching Time Productivity","",0,-429542242078,-429542242078
"Contract Brokers Fee","",0,-429122625369,-429122625369
"War Fee","",0,-363692660582,-363692660582
"Office Rental Fee","",0,-309113458958,-309113458958
"Contract Sales Tax","",0,-303706880658,-303706880658
"Bounty","",0,-261019415927,-261019415927
"Jump Clone Activation Fee","",0,-162379916317,-162379916317
"Planetary Export Tax","",0,-160264353257,-160264353257
"Copying","",0,-140640350797,-140640350797
"Industry Job Tax","",0,-57273483229,-57273483229
"Contract Brokers Fee (corp)","",0,-57044011264,-57044011264
"Security Processing Fee","",0,-56216000000,-56216000000
"Reprocessing Tax","",0,-50447730599,-50447730599
"Planetary Import Tax","",0,-44298936654,-44298936654
"Jump Clone Installation Fee","",0,-32824800000,-32824800000
"Agent Mission Collateral Paid","",0,-30287137843,-30287137843
"Planetary Interaction","NPC Market",0,-11136143979.53,-11136143979.53
"Deployable","NPC Market",0,-10875000000,-10875000000
"Repair Bill","",8323493,-83488773362,8323493
"Planetary Construction","",8655000,-485204245000,8655000
"Corporation Registration Fee","",24158579800,-30170628200,24158579800
"Alliance Registration Fee","",54000000000,-130000000000,54000000000
"Other","",80375564358,-132517304335,80375564358
"Project Discovery reward","",490882628459,0,490882628459
"Agent Mission Time Bonus Reward","",1211709137633,0,1211709137633
"Agent Mission Reward","",1337214508591,0,1337214508591
"Insurance","",6795066920715,-3861837501834,6795066920715
"Incursions Payout","",9112493914118,0,9112493914118
"Commodity","NPC Market",19104401342203.8,-551167886594.53,19104401342203.8
"Bounty Prizes","",63143385537501,0,63143385537501
