"keyText","category","Faucet","Sink","sort.value"
"Skill","NPC Market",0,-13623746043410.1,-13623746043410.1
"Brokers Fee","",0,-11717798223762,-11717798223762
"Transaction Tax","",0,-11713770289213,-11713770289213
"Blueprint","NPC Market",0,-9046439496408.48,-9046439496408.48
"LP Store","",0,-7735693055000,-7735693055000
"Manufacturing","",0,-3486850173467,-3486850173467
"Asset Safety recovery Tax","",0,-947546725057,-947546725057
"Infrastructure Hub maintenance","",0,-943012000000,-943012000000
"Researching Material Productivity","",0,-905622144834,-905622144834
"Reactions","",0,-559314031877,-559314031877
"Contract Brokers Fee","",0,-507104069263,-507104069263
"Researching Time Productivity","",0,-444764774467,-444764774467
"Contract Sales Tax","",0,-345615704978,-345615704978
"Office Rental Fee","",0,-334918905539,-334918905539
"War Fee","",0,-320273352803,-320273352803
"Bounty","",0,-194639812729,-194639812729
"Planetary Export Tax","",0,-158651722362,-158651722362
"Copying","",0,-133101729553,-133101729553
"Contract Brokers Fee (corp)","",0,-74397053094,-74397053094
"Jump Clone Activation Fee","",0,-71975700000,-71975700000
"Security Processing Fee","",0,-65503000000,-65503000000
"Industry Job Tax","",0,-64882141981,-64882141981
"Planetary Import Tax","",0,-46238597760,-46238597760
"Reprocessing Tax","",0,-38011839296,-38011839296
"Jump Clone Installation Fee","",0,-34721100000,-34721100000
"Agent Mission Collateral Paid","",0,-29615589218,-29615589218
"Deployable","NPC Market",0,-11175000000,-11175000000
"Planetary Interaction","NPC Market",0,-9921282655.72,-9921282655.72
"Planetary Construction","",13545000,-412092770000,13545000
"Repair Bill","",17221446,-85905815042,17221446
"Corporation Registration Fee","",25979152200,-31874415200,25979152200
"Other","",74264425062,-139644071720,74264425062
"Alliance Registration Fee","",103000000000,-184000000000,103000000000
"Project Discovery reward","",826606508615,0,826606508615
"Agent Mission Time Bonus Reward","",1297805893150,0,1297805893150
"Agent Mission Reward","",1452506430379,0,1452506430379
"Insurance","",7375176388803,-3932589820078,7375176388803
"Incursions Payout","",10308978999841,0,10308978999841
"Commodity","NPC Market",18946854810911.1,-530314219813.89,18946854810911.1
"Bounty Prizes","",62108741136805,0,62108741136805
